city,lat,lng,max_temp,humidity,cloudiness,wind_speed,country,date
Cape Town,-33.9258,18.4232,291.08,85,0,0.45,ZA,1633988204
Dikson,73.5069,80.5464,272.48,67,100,6.38,RU,1633988455
Vardø,70.3705,31.1107,279.26,96,100,2.93,NO,1633988455
Albany,42.6001,-73.9662,294.38,77,25,0.79,US,1633988394
Hobart,-42.8794,147.3294,282.66,81,40,0.45,AU,1633988456
Gaya,24.7833,85.0,298.1,94,2,0.0,IN,1633988323
Mataura,-46.1927,168.8643,279.16,87,99,3.93,NZ,1633988456
Hermanus,-34.4187,19.2345,289.21,80,100,0.93,ZA,1633988457
Hilo,19.7297,-155.09,299.4,88,90,3.6,US,1633988457
Rikitea,-23.1203,-134.9692,296.61,77,90,5.92,PF,1633988457
Road Town,18.4167,-64.6167,301.59,83,40,5.14,VG,1633988288
Inhambane,-23.865,35.3833,292.76,64,84,3.09,MZ,1633988458
Kapaa,22.0752,-159.319,301.14,72,20,3.13,US,1633988458
Constitución,-35.3333,-72.4167,287.1,78,10,3.6,CL,1633988458
Ushuaia,-54.8,-68.3,283.96,46,40,7.72,AR,1633988459
Langham,52.3668,-106.9679,279.27,55,96,8.92,CA,1633988459
Saint-Pierre,-21.3393,55.4781,296.09,91,75,2.57,RE,1633988459
San Rafael,-34.6177,-68.3301,298.37,23,7,7.25,AR,1633988460
Qaanaaq,77.484,-69.3632,272.34,97,100,3.71,GL,1633988460
Iqaluit,63.7506,-68.5145,275.0,87,40,1.79,CA,1633988461
Lata,40.1629,-8.3327,294.38,56,97,2.27,PT,1633988461
Carnarvon,-24.8667,113.6333,289.19,63,75,9.77,AU,1633988462
Ribeira Grande,38.5167,-28.7,294.64,77,100,3.52,PT,1633988462
Busselton,-33.65,115.3333,279.87,60,92,6.77,AU,1633988463
Walvis Bay,-22.9575,14.5053,289.25,71,0,5.06,NA,1633988463
Vaini,-21.2,-175.2,297.24,78,20,5.14,TO,1633988463
Arraial do Cabo,-22.9661,-42.0278,293.13,88,75,5.14,BR,1633988464
Nikolskoye,59.7035,30.7861,279.19,71,55,3.88,RU,1633988464
Petropavlovsk-Kamchatskiy,53.0452,158.6483,275.48,100,75,2.0,RU,1633988465
Ponta Delgada,37.7333,-25.6667,294.55,94,75,3.6,PT,1633988465
Atuona,-9.8,-139.0333,298.86,71,17,8.58,PF,1633988465
Tommot,58.9564,126.2925,271.59,80,99,3.93,RU,1633988466
Ukiah,39.1502,-123.2078,293.95,30,1,8.75,US,1633988466
Bitam,2.076,11.5007,293.56,99,70,1.18,GA,1633988466
Punta Arenas,-53.15,-70.9167,285.21,50,40,11.83,CL,1633988467
Swellendam,-34.0226,20.4417,290.12,58,100,1.11,ZA,1633988467
Wanning,18.8003,110.3967,296.84,84,78,6.41,CN,1633988467
Puerto Ayora,-0.7393,-90.3518,298.13,81,95,4.02,EC,1633988468
Wawa,9.9022,4.4192,299.61,64,45,1.42,NG,1633988468
Hay River,60.8156,-115.7999,277.14,70,75,1.54,CA,1633988468
Souillac,-20.5167,57.5167,296.68,94,40,2.06,MU,1633988469
Hasaki,35.7333,140.8333,294.42,89,100,8.5,JP,1633988469
Otane,-39.8833,176.6333,286.14,49,52,7.0,NZ,1633988469
Kurchum,48.5722,83.6542,278.55,86,100,2.9,KZ,1633988470
Bengkulu,-3.8004,102.2655,297.05,87,91,1.66,ID,1633988470
Kilindoni,-7.9139,39.6668,297.9,79,89,5.02,TZ,1633988471
Tazovsky,67.4667,78.7,270.92,75,100,2.74,RU,1633988471
Fairbanks,64.8378,-147.7164,278.6,77,1,3.09,US,1633988472
Channel-Port aux Basques,47.5702,-59.1367,285.32,89,100,5.7,CA,1633988472
Saldanha,-33.0117,17.9442,289.18,85,100,5.98,ZA,1633988472
Port Augusta,-32.5,137.7667,285.77,31,79,2.17,AU,1633988473
Shetpe,44.1667,52.1167,284.08,35,70,4.0,KZ,1633988473
Cidreira,-30.1811,-50.2056,290.2,92,99,9.78,BR,1633988473
Yellowknife,62.456,-114.3525,275.05,83,75,0.45,CA,1633988474
Mazsalaca,57.8633,25.0547,278.85,61,52,4.18,LV,1633988474
Kyren,51.6828,102.1408,276.77,79,100,0.21,RU,1633988475
Faanui,-16.4833,-151.75,299.9,78,50,7.35,PF,1633988475
Silva Jardim,-22.6508,-42.3917,293.14,98,99,3.05,BR,1633988475
Padang,-0.9492,100.3543,297.19,85,56,1.64,ID,1633988476
Ayan,56.45,138.1667,277.28,59,46,5.14,RU,1633988476
Tuktoyaktuk,69.4541,-133.0374,272.15,86,90,1.54,CA,1633988476
Ati,13.2154,18.3353,305.74,13,11,4.63,TD,1633988477
Barrow,71.2906,-156.7887,271.16,69,90,4.63,US,1633988477
Bragança,-1.0536,-46.7656,299.54,71,8,3.22,BR,1633988477
Tinyahuarco,-10.75,-76.3,282.87,50,97,6.28,PE,1633988478
Los Llanos de Aridane,28.6585,-17.9182,293.01,78,75,2.57,ES,1633988478
Sitka,57.0531,-135.33,282.09,71,90,7.2,US,1633988478
Kudahuvadhoo,2.6708,72.8944,301.31,75,100,8.18,MV,1633988479
Mar del Plata,-38.0023,-57.5575,288.16,30,0,4.02,AR,1633988479
Kailua,21.4022,-157.7394,303.14,66,40,6.69,US,1633988308
Anshun,26.25,105.9333,286.11,90,100,2.91,CN,1633988480
Oranjemund,-28.55,16.4333,289.48,71,26,1.63,NA,1633988480
Jamestown,42.097,-79.2353,296.92,68,1,2.68,US,1633988449
Husavik,66.0449,-17.3389,273.1,74,98,2.78,IS,1633988480
San Patricio,28.017,-97.5169,303.62,68,95,4.26,US,1633988481
Bud,39.447,-86.1758,300.14,63,55,8.81,US,1633988481
New Norfolk,-42.7826,147.0587,282.46,69,85,0.45,AU,1633988481
Victor Harbor,-35.5667,138.6167,287.48,76,91,5.21,AU,1633988482
Nago,26.5881,127.9761,301.24,90,100,8.26,JP,1633988482
Srednekolymsk,67.45,153.6833,262.49,88,100,1.91,RU,1633988482
Port Macquarie,-31.4333,152.9167,288.09,100,90,2.57,AU,1633988483
Tyler,32.3513,-95.3011,301.27,48,1,0.89,US,1633988229
Airai,-8.9266,125.4092,289.78,79,81,1.02,TL,1633988483
Namatanai,-3.6667,152.4333,301.15,74,30,2.96,PG,1633988483
Cabo San Lucas,22.8909,-109.9124,307.88,63,20,3.09,MX,1633988466
Jaca,42.569,-0.5499,279.26,55,0,1.82,ES,1633988484
Rantepao,-2.9701,119.8978,291.97,94,100,1.01,ID,1633988484
Thinadhoo,0.5333,72.9333,301.38,69,98,7.62,MV,1633988485
Lakes Entrance,-37.8811,147.981,282.13,66,7,4.85,AU,1633988485
La Santisima Trinidad,-14.8333,-64.9,302.14,70,90,5.14,BO,1633988485
Teleneşti,47.4997,28.3656,286.3,40,100,1.2,MD,1633988486
Kaitangata,-46.2817,169.8464,279.84,81,98,7.45,NZ,1633988486
Lorengau,-2.0226,147.2712,302.17,72,17,3.12,PG,1633988486
Mahébourg,-20.4081,57.7,296.62,94,40,2.06,MU,1633988487
Chekhov,55.1431,37.4711,280.9,73,99,2.2,RU,1633988487
Klaksvík,62.2266,-6.589,277.66,70,100,4.09,FO,1633988487
Charters Towers,-20.1,146.2667,296.95,56,21,3.2,AU,1633988488
Port Alfred,-33.5906,26.891,293.43,64,68,0.24,ZA,1633988488
Falmouth,50.1544,-5.0711,284.65,93,14,1.54,GB,1633988212
La Asuncion,11.0333,-63.8628,300.82,81,13,7.45,VE,1633988488
Fonte Boa,-2.4959,-66.2662,299.6,85,82,0.76,BR,1633988489
Saint-Joseph,-21.3667,55.6167,295.49,92,81,2.95,RE,1633988489
Ancud,-41.8697,-73.8203,288.89,80,100,2.97,CL,1633988489
Nanortalik,60.1432,-45.2371,277.23,55,100,0.33,GL,1633988490
Fortuna,40.5982,-124.1573,290.64,60,1,0.89,US,1633988490
Rizhao,35.4275,119.4553,284.92,65,96,4.1,CN,1633988490
East London,-33.0153,27.9116,293.94,55,63,1.98,ZA,1633988491
Gijang,35.2442,129.2139,292.0,83,100,8.63,KR,1633988491
St. George's,12.0564,-61.7485,302.97,79,20,6.69,GD,1633988491
Araouane,18.9048,-3.5265,306.69,11,87,2.7,ML,1633988492
Ostrovnoy,68.0531,39.5131,281.9,87,100,10.12,RU,1633988492
Abasolo,20.45,-101.5167,300.56,44,39,1.01,MX,1633988492
Wilmington,34.2257,-77.9447,295.36,79,98,2.62,US,1633988333
Muroto-misakicho,33.2833,134.15,294.17,80,96,2.25,JP,1633988493
Saskylakh,71.9167,114.0833,270.05,96,100,6.51,RU,1633988493
Talnakh,69.4865,88.3972,266.25,96,100,2.6,RU,1633988494
Kununurra,-15.7667,128.7333,298.14,94,75,0.51,AU,1633988494
São Filipe,14.8961,-24.4956,299.76,73,3,3.84,CV,1633988494
Bluff,-46.6,168.3333,280.84,61,97,8.68,NZ,1633988495
Tapa,59.2606,25.9586,280.87,63,77,4.8,EE,1633988495
Alta Floresta,-9.8756,-56.0861,298.94,77,70,0.78,BR,1633988495
Ust-Maya,60.4167,134.5333,270.38,90,91,1.6,RU,1633988496
Tasiilaq,65.6145,-37.6368,275.24,69,48,2.65,GL,1633988496
Maningrida,-12.0667,134.2667,300.86,72,93,1.36,AU,1633988496
Karratha,-20.7377,116.8463,295.19,44,0,2.64,AU,1633988496
Saint-Philippe,-21.3585,55.7679,296.05,90,82,1.88,RE,1633988497
Vila Franca do Campo,37.7167,-25.4333,294.38,89,100,4.93,PT,1633988497
Esperance,-33.8667,121.9,280.06,67,92,12.5,AU,1633988498
Biak,-0.9131,122.8766,297.97,86,92,1.42,ID,1633988498
Taoudenni,22.6783,-3.9836,307.66,9,58,4.16,ML,1633988498
Ngunguru,-35.6167,174.5,286.57,88,100,6.0,NZ,1633988498
Alyangula,-13.8483,136.4192,296.08,100,95,0.0,AU,1633988499
Yanahuanca,-10.5167,-76.4986,283.45,50,100,5.51,PE,1633988499
Manzanillo,20.3433,-77.1167,301.33,72,38,2.67,CU,1633988500
Bontoc,17.0899,120.978,293.48,94,100,2.86,PH,1633988500
Copiapó,-27.3667,-70.3333,286.98,32,71,2.7,CL,1633988500
Touros,-5.1989,-35.4608,300.65,78,100,6.24,BR,1633988501
Lungi,9.2212,-12.6831,297.04,94,100,0.98,SL,1633988501
Lüderitz,-26.6481,15.1594,294.18,42,0,2.7,NA,1633988501
Mehamn,71.0357,27.8492,280.1,93,75,4.12,NO,1633988501
Biltine,14.5333,20.9167,305.08,15,25,4.86,TD,1633988502
Lubsko,51.7847,14.972,282.06,96,21,4.33,PL,1633988502
Eureka,40.8021,-124.1637,290.19,67,1,4.02,US,1633988503
Çubuk,40.2386,33.0322,289.13,58,0,0.51,TR,1633988503
Avera,33.194,-82.5271,299.12,61,100,1.58,US,1633988503
Moose Factory,51.2585,-80.6094,291.15,94,90,5.66,CA,1633988504
Belen,36.4891,36.2233,292.05,73,0,3.6,TR,1633988504
Ilulissat,69.2167,-51.1,270.16,68,100,1.03,GL,1633988504
Kasama,-10.2129,31.1808,293.82,51,88,4.57,ZM,1633988505
Aksarka,66.5606,67.7975,269.26,79,11,2.17,RU,1633988505
Tungor,53.3808,142.9564,278.79,71,7,6.64,RU,1633988505
Port Pirie,-33.1833,138.0167,280.2,34,78,3.76,AU,1633988506
Leningradskiy,69.3833,178.4167,262.77,91,26,2.51,RU,1633988506
Kumul,42.8,93.45,280.5,47,11,4.01,CN,1633988506
Bredasdorp,-34.5322,20.0403,287.76,84,100,1.45,ZA,1633988507
Kamenka,51.3223,42.7678,280.96,50,100,3.15,RU,1633988507
Djibouti,11.5,42.5,300.83,60,22,1.83,DJ,1633988507
Vestmannaeyjar,63.4427,-20.2734,280.75,77,92,8.11,IS,1633988508
Portland,45.5234,-122.6762,289.17,60,40,1.34,US,1633988508
Kidodi,-7.6036,37.0044,295.31,61,62,0.97,TZ,1633988508
Lugoba,-6.45,38.3333,293.47,90,83,0.35,TZ,1633988509
Bambous Virieux,-20.3428,57.7575,296.6,94,40,2.06,MU,1633988509
Panjāb,34.388,67.0233,272.73,30,0,2.17,AF,1633988509
Mossamedes,-15.1961,12.1522,293.42,94,35,1.07,AO,1633988510
Mogadishu,2.0371,45.3438,298.68,85,94,7.05,SO,1633988497
Salalah,17.0151,54.0924,299.2,78,20,1.54,OM,1633988510
Tiarei,-17.5333,-149.3333,302.16,79,27,6.79,PF,1633988510
Rio Grande,-32.035,-52.0986,291.21,91,100,9.54,BR,1633988511
Longyearbyen,78.2186,15.6401,271.06,74,20,8.75,SJ,1633988511
Thurso,58.5927,-3.5259,282.29,80,100,3.22,GB,1633988511
Khatanga,71.9667,102.5,264.79,96,100,3.1,RU,1633988512
Butaritari,3.0707,172.7902,300.4,73,80,4.67,KI,1633988512
Birin,26.8865,88.0718,288.61,66,0,2.81,NP,1633988512
Deputatsky,69.3,139.9,266.93,97,100,0.99,RU,1633988513
Mwene-Ditu,-7.0,23.45,291.92,85,92,1.46,CD,1633988513
Havre-St-Pierre,50.2334,-63.5986,288.48,87,1,3.6,CA,1633988513
Ponta do Sol,32.6667,-17.1,295.5,66,72,2.36,PT,1633988514
Port Elizabeth,-33.918,25.5701,288.31,72,40,2.57,ZA,1633988514
Lebu,-37.6167,-73.65,285.5,80,100,6.62,CL,1633988514
Boa Vista,2.8197,-60.6733,299.14,89,75,3.09,BR,1633988411
Aktobe,50.2797,57.2072,272.2,80,0,2.0,KZ,1633988515
Hokitika,-42.7167,170.9667,284.76,67,80,0.39,NZ,1633988515
Olovyannaya,50.95,115.5667,275.75,84,93,2.24,RU,1633988516
Cam Ranh,11.9214,109.1591,298.13,94,40,1.03,VN,1633988516
Ugoofaaru,5.6667,73.0,301.14,78,100,8.99,MV,1633988516
Raudeberg,61.9875,5.1352,279.19,95,60,0.45,NO,1633988517
Kruisfontein,-34.0033,24.7314,292.43,23,94,3.45,ZA,1633988517
Kalmunai,7.4167,81.8167,300.39,72,100,0.77,LK,1633988517
Severo-Kuril'sk,50.6789,156.125,280.95,85,95,15.33,RU,1633988518
George Town,5.4112,100.3354,299.12,88,20,0.0,MY,1633988518
Pisco,-13.7,-76.2167,291.18,77,40,4.63,PE,1633988518
Puerto Rico,-26.796,-55.024,293.08,97,18,1.18,AR,1633988519
Bonnyville,54.2668,-110.735,278.77,60,100,5.65,CA,1633988519
Pontianak,-0.0333,109.3333,299.14,94,90,2.57,ID,1633988519
Maceió,-9.6658,-35.7353,299.84,83,0,4.63,BR,1633988520
Lavrentiya,65.5833,-171.0,272.38,82,100,4.4,RU,1633988520
Polson,47.6936,-114.1632,284.66,50,100,0.45,US,1633988521
Bandarbeyla,9.4942,50.8122,298.78,88,80,9.3,SO,1633988521
Muhos,64.808,25.9931,280.87,95,100,1.21,FI,1633988521
São Gabriel da Cachoeira,-0.1303,-67.0892,300.38,80,95,2.41,BR,1633988522
Halden,59.1226,11.3871,280.39,90,76,1.26,NO,1633988523
Bontang,0.1333,117.5,298.49,89,100,3.39,ID,1633988523
Guerrero Negro,27.9769,-114.0611,296.45,60,0,6.99,MX,1633988523
Bouar,5.934,15.596,291.59,86,98,0.96,CF,1633988524
Kharan,28.5833,65.4167,289.04,13,0,4.12,PK,1633988524
Grand-Lahou,5.1367,-5.0242,298.41,93,75,3.26,CI,1633988525
Kommunisticheskiy,61.6789,64.4819,272.31,93,97,1.21,RU,1633988525
Santa María del Oro,25.9333,-105.3667,301.63,28,2,5.49,MX,1633988525
Saint Paul Harbor,57.79,-152.4072,279.88,76,90,7.72,US,1633988526
Ust-Kuyga,70.0167,135.6,267.07,96,100,0.85,RU,1633988526
Porto-Novo,6.4965,2.6036,301.05,87,15,2.66,BJ,1633988526
Uthal,25.8072,66.6219,300.21,55,0,1.65,PK,1633988527
Pundaguitan,6.3711,126.1689,301.8,74,100,6.04,PH,1633988527
Jumla,29.2747,82.1838,283.08,65,0,2.43,NP,1633988527
Khangarh,29.9173,71.1618,297.19,36,0,3.6,PK,1633988528
Yar,58.249,52.1026,278.26,86,92,2.9,RU,1633988528
Christchurch,-43.5333,172.6333,280.94,90,75,4.92,NZ,1633988449
Arona,28.0996,-16.681,293.05,65,75,4.63,ES,1633988529
Isangel,-19.55,169.2667,299.21,69,20,4.12,VU,1633988529
Boyabat,41.4689,34.7667,287.7,85,4,0.71,TR,1633988529
Tuscaloosa,33.2098,-87.5692,301.4,64,1,4.12,US,1633988530
Huilong,31.8111,121.655,294.28,68,99,8.65,CN,1633988530
Tura,25.5198,90.2201,295.65,92,4,1.71,IN,1633988530
Lompoc,34.6391,-120.4579,297.35,60,1,9.26,US,1633988531
Golden,39.7555,-105.2211,294.92,27,20,0.45,US,1633988531
Alice,27.7523,-98.0697,303.0,60,90,6.69,US,1633988376
Tiksi,71.6872,128.8694,270.32,99,100,1.4,RU,1633988532
Calvinia,-31.4707,19.776,293.31,14,80,0.49,ZA,1633988532
Thompson,55.7435,-97.8558,282.24,87,90,1.54,CA,1633988533
Tuatapere,-46.1333,167.6833,279.57,81,99,5.34,NZ,1633988533
Bemidji,47.4736,-94.8803,293.31,54,1,3.6,US,1633988533
Port Blair,11.6667,92.75,299.17,89,40,1.03,IN,1633988534
Arman',59.7,150.1667,272.15,57,100,1.65,RU,1633988534
Bianzhuang,34.8486,118.0447,284.99,63,82,4.43,CN,1633988535
Portage,41.1667,-81.1998,299.14,64,1,3.6,US,1633988535
Hong Kong,22.2855,114.1577,297.77,70,100,0.89,HK,1633988509
Wuxue,29.8506,115.5525,289.64,79,73,1.08,CN,1633988535
Chui,-33.6971,-53.4616,288.85,95,100,6.51,UY,1633988536
Port Hedland,-20.3167,118.5667,290.18,94,2,2.57,AU,1633988536
Pevek,69.7008,170.3133,264.7,90,100,3.34,RU,1633988536
Karpathos,35.507,27.2132,294.13,60,1,4.63,GR,1633988537
Santa Isabel Rio Negro,-0.4139,-65.0192,300.28,77,84,0.69,BR,1633988537
Avarua,-21.2078,-159.775,299.18,83,75,5.66,CK,1633988537
Pitimbu,-7.4706,-34.8086,299.48,79,61,4.32,BR,1633988538
Wanaka,-44.7,169.15,280.43,62,82,4.02,NZ,1633988538
Severo-Yeniseyskiy,60.3725,93.0408,263.92,92,32,1.44,RU,1633988539
Olafsvik,64.8945,-23.7142,278.63,83,97,3.15,IS,1633988539
Beringovskiy,63.05,179.3167,268.8,89,84,0.65,RU,1633988539
Manjakandriana,-18.9167,47.8,287.98,90,81,2.78,MG,1633988540
Castro,-24.7911,-50.0119,287.18,97,100,3.01,BR,1633988540
Ucluelet,48.9329,-125.5528,285.98,77,5,0.45,CA,1633988517
Kiryat Gat,31.61,34.7642,298.37,69,46,1.87,IL,1633988540
Mayskiy,47.6931,40.1025,286.82,64,19,4.4,RU,1633988541
College,64.8569,-147.8028,278.59,76,75,2.57,US,1633988410
Sola,-13.8833,167.55,300.52,69,75,0.0,VU,1633988541
Pulivendla,14.4167,78.2333,298.1,83,100,0.75,IN,1633988541
Hirara,24.8,125.2833,301.14,88,100,12.78,JP,1633988542
Beckley,37.7782,-81.1882,296.42,79,1,1.34,US,1633988542
Sangar,63.9242,127.4739,270.19,89,100,4.24,RU,1633988542
Esim,4.8699,-2.2405,298.82,91,38,2.63,GH,1633988543
Cayenne,4.9333,-52.3333,302.17,85,20,1.34,GF,1633988543
Calama,-22.4667,-68.9333,299.42,6,0,9.26,CL,1633988543
Broome,42.2506,-75.833,294.58,76,1,0.89,US,1633988544
Province of Mantua,45.1667,10.7833,286.73,81,82,0.45,IT,1633988544
Sibu,2.3,111.8167,297.32,94,40,2.24,MY,1633988544
Astoria,46.1879,-123.8313,287.43,67,1,1.79,US,1633988545
Fort Saint James,54.4333,-124.25,281.38,45,87,1.69,CA,1633988545
Okha,53.5739,142.9478,279.58,66,6,7.5,RU,1633988545
Hofn,64.2539,-15.2082,277.47,70,92,4.04,IS,1633988546
Kavieng,-2.5744,150.7967,301.64,71,31,3.97,PG,1633988546
City of San Pedro,14.35,121.0167,301.12,83,90,3.09,PH,1633988546
Toyo,10.7333,125.0167,299.51,84,100,3.4,PH,1633988547
Balikpapan,-1.2675,116.8289,297.7,94,40,2.06,ID,1633988547
Flin Flon,54.7682,-101.865,283.06,71,90,3.6,CA,1633988547
Broken Hill,-31.95,141.4333,281.99,49,12,0.0,AU,1633988548
Eenhana,-17.4667,16.3333,302.01,25,0,3.73,NA,1633988548
Urucurituba,-2.6833,-57.6667,303.05,56,60,1.05,BR,1633988548
Stilfontein,-26.8449,26.7683,289.0,39,0,3.59,ZA,1633988549
Hithadhoo,-0.6,73.0833,301.12,73,100,7.37,MV,1633988549
Pangnirtung,66.1451,-65.7125,274.15,93,75,2.06,CA,1633988549
Coquimbo,-29.9533,-71.3436,289.0,67,0,5.66,CL,1633988550
Tocopilla,-22.092,-70.1979,291.47,69,22,3.38,CL,1633988513
Mayumba,-3.432,10.6554,297.87,87,99,2.06,GA,1633988550
Anadyr,64.75,177.4833,265.43,92,20,0.89,RU,1633988551
Poum,-20.2333,164.0167,297.26,75,90,6.83,NC,1633988551
Katsuura,35.1333,140.3,296.03,91,53,6.63,JP,1633988551
Makokou,0.5738,12.8642,294.54,97,99,1.32,GA,1633988552
Bichura,50.5881,107.6022,277.04,61,96,1.11,RU,1633988552
Tongzi,28.7829,105.0877,288.31,90,100,0.92,CN,1633988552
Vao,-22.6667,167.4833,295.05,71,98,6.48,NC,1633988553
Nautla,20.2167,-96.7833,303.94,70,6,5.68,MX,1633988553
Grand Gaube,-20.0064,57.6608,296.69,87,88,1.79,MU,1633988553
Miyako,39.6367,141.9525,288.29,80,100,3.87,JP,1633988554
Suntar,62.1444,117.6319,269.25,55,75,5.74,RU,1633988554
Orocué,4.7912,-71.3354,299.57,84,100,2.36,CO,1633988554
Rānāpur,22.65,74.5333,297.02,77,1,1.63,IN,1633988555
Richards Bay,-28.783,32.0377,289.93,67,53,6.98,ZA,1633988555
Río Gallegos,-51.6226,-69.2181,289.18,23,75,5.14,AR,1633988300
Crailsheim,49.1344,10.0719,281.93,91,99,2.41,DE,1633988555
Labuhan,-6.8844,112.2051,298.49,73,32,5.44,ID,1633988556
San Quintín,30.4833,-115.95,293.95,68,0,7.51,MX,1633988556
Acarí,-15.4311,-74.6158,293.95,71,38,2.81,PE,1633988556
Te Anau,-45.4167,167.7167,276.83,94,88,3.01,NZ,1633988557
Hamilton,39.1834,-84.5333,300.81,63,1,0.89,US,1633988557
Upernavik,72.7868,-56.1549,274.13,98,100,6.99,GL,1633988557
Vanimo,-2.6741,141.3028,300.22,80,75,1.39,PG,1633988558
Gandajika,-6.75,23.95,292.59,90,89,0.9,CD,1633988558
Timberlake,37.3207,-79.2575,294.82,81,100,2.39,US,1633988558
Muhafazat Lahij,13.1667,44.5833,302.39,60,37,1.21,YE,1633988559
Diadema,-23.6861,-46.6228,292.1,94,75,2.68,BR,1633988559
Marystown,47.1666,-55.1483,286.4,100,17,3.61,CA,1633988559
Aksu,41.1231,80.2644,282.85,43,20,2.78,CN,1633988560
Gualaquiza,-3.4,-78.55,295.17,92,47,0.84,EC,1633988560
Torit,4.4133,32.5678,297.98,70,70,2.01,SS,1633988561
Otuzco,-7.9,-78.5833,270.33,65,60,2.73,PE,1633988561
At-Bashi,41.1702,75.8106,271.25,55,73,1.49,KG,1633988561
Xixiang,35.1628,112.865,284.62,76,98,0.71,CN,1633988562
San Cristobal,7.7669,-72.225,299.25,76,89,1.53,VE,1633988562
Zavyalovo,54.5053,82.4484,272.18,69,100,5.4,RU,1633988562
Lalibela,12.0333,39.0333,288.29,74,96,2.44,ET,1633988563
Were Īlu,10.6,39.4333,284.3,85,83,2.52,ET,1633988563
Itaituba,-4.2761,-55.9836,305.24,66,0,1.54,BR,1633988563
Narasannapeta,18.4167,84.05,298.43,81,24,2.68,IN,1633988564
Voyvozh,62.892,54.9635,278.63,99,100,2.52,RU,1633988564
Port Lincoln,-34.7333,135.8667,286.48,50,100,8.06,AU,1633988564
Warri,5.5167,5.75,298.4,92,71,1.61,NG,1633988565
Sur,22.5667,59.5289,300.92,48,0,1.89,OM,1633988565
Berlevåg,70.8578,29.0864,280.12,93,75,6.17,NO,1633988565
Muli,2.9167,73.5667,301.09,76,84,8.2,MV,1633988566
Campbell River,50.0163,-125.2446,284.04,68,40,1.79,CA,1633988441
Noyabrsk,63.1994,75.4507,270.75,69,83,2.76,RU,1633988566
Machiques,10.0644,-72.545,301.87,75,100,1.97,VE,1633988566
Itapirapuã,-15.8233,-50.6133,297.49,81,95,0.67,BR,1633988567
Todos Santos,23.45,-110.2167,307.6,79,36,2.67,MX,1633988567
Lázaro Cárdenas,17.9583,-102.2,302.19,73,25,2.63,MX,1633988567
Adrar,20.5022,-10.0711,304.82,14,38,1.07,MR,1633988568
Saint George,37.1041,-113.5841,298.41,18,1,6.26,US,1633988300
Beltinci,46.6053,16.2406,279.92,91,62,1.4,SI,1633988568
Geraldton,-28.7667,114.6,286.38,62,90,5.66,AU,1633988569
Haverfordwest,51.8017,-4.9691,284.01,83,30,1.99,GB,1633988569
Aklavik,68.2191,-135.0107,271.61,78,96,4.8,CA,1633988569
Carballo,43.213,-8.691,289.13,78,33,1.5,ES,1633988570
Bonavista,48.6499,-53.1147,282.15,75,2,7.16,CA,1633988570
Yeppoon,-23.1333,150.7333,296.03,70,82,2.36,AU,1633988570
Kahului,20.8947,-156.47,302.74,80,40,8.75,US,1633988444
Neyvo-Rudyanka,57.3444,60.1343,280.0,90,100,4.72,RU,1633988571
Lixouri,38.2019,20.4314,291.38,74,71,5.47,GR,1633988571
Kutum,14.2,24.6667,302.11,29,99,4.14,SD,1633988571
Dengzhou,37.8086,120.7508,287.34,54,0,5.27,CN,1633988572
Banda Aceh,5.5577,95.3222,299.37,76,98,6.62,ID,1633988572
Kungurtug,50.5994,97.5228,272.67,83,100,0.69,RU,1633988572
Santa Isabel,-23.3156,-46.2214,292.96,97,97,2.49,BR,1633988573
Chokurdakh,70.6333,147.9167,264.88,89,100,2.35,RU,1633988573
Namwala,-15.7504,26.4384,295.95,44,0,4.54,ZM,1633988574
Noril'sk,69.3535,88.2027,266.07,95,100,2.22,RU,1633988574
Khandyga,62.6667,135.6,270.4,94,95,2.93,RU,1633988574
Las Palmas,28.4204,-14.0131,293.59,73,20,4.12,ES,1633988575
Sakakah,29.9697,40.2064,301.91,19,34,0.89,SA,1633988575
Meridian,43.6121,-116.3915,286.62,31,1,5.36,US,1633988522
Sítio Novo do Tocantins,-5.5183,-47.4611,304.45,44,100,2.38,BR,1633988575
Samarai,-10.6167,150.6667,299.6,82,82,0.77,PG,1633988576
Guelph,43.5501,-80.2497,297.65,69,20,5.66,CA,1633988576
North Bend,43.4065,-124.2243,287.68,75,1,4.63,US,1633988576
Maracaibo,10.6317,-71.6406,302.81,68,95,1.83,VE,1633988577
Shibetsu,43.659,145.132,284.77,76,4,3.26,JP,1633988577
Cherskiy,68.75,161.3,254.28,99,39,1.45,RU,1633988578
Yumen,40.2833,97.2,280.01,22,100,9.74,CN,1633988578
Clyde River,70.4692,-68.5914,278.28,60,75,16.46,CA,1633988337
Sioux Lookout,50.1001,-91.917,289.19,88,90,5.66,CA,1633988577
Boyolali,-7.5331,110.5958,292.91,89,93,3.35,ID,1633988579
Wenatchee,47.4235,-120.3103,289.57,29,1,0.89,US,1633988465
Casa Nova,-9.4167,-41.1333,306.14,35,0,0.96,BR,1633988579
Narsaq,60.9167,-46.05,274.27,54,100,2.03,GL,1633988579
Pacific Grove,36.6177,-121.9166,295.7,65,1,4.02,US,1633988580
Carrizal,10.3499,-66.9863,297.82,92,98,0.41,VE,1633988580
Jacksonville,30.3322,-81.6556,301.15,73,20,0.89,US,1633988468
Rundu,-17.9333,19.7667,297.46,32,0,4.36,NA,1633988581
Canberra,-35.2835,149.1281,283.3,78,90,0.89,AU,1633988429
Alofi,-19.0595,-169.9187,298.09,73,40,5.14,NU,1633988581
Newport,51.5877,-2.9984,285.21,89,41,1.86,GB,1633988535
Kendari,-3.945,122.4989,297.36,95,100,1.54,ID,1633988582
Matagami,49.7502,-77.6328,290.21,100,90,6.69,CA,1633988582
Guhāgar,17.4842,73.1929,298.32,91,100,1.41,IN,1633988583
Tautira,-17.7333,-149.15,302.16,79,39,6.51,PF,1633988583
Andenes,69.3143,16.1194,280.14,76,75,8.75,NO,1633988583
Lokosovo,61.1333,74.8167,271.12,64,100,2.73,RU,1633988584
Iturama,-19.7281,-50.1956,297.82,74,82,2.91,BR,1633988584
Faya,18.3851,42.4509,291.21,23,99,3.85,SA,1633988584
Grindavik,63.8424,-22.4338,279.41,87,75,3.6,IS,1633988559
Starodub,52.5844,32.7633,279.02,68,100,2.77,RU,1633988585
Ketchikan,55.3422,-131.6461,282.14,93,90,7.72,US,1633988585
Verrettes,19.05,-72.4667,303.92,79,58,2.19,HT,1633988585
Camaná,-16.6228,-72.7111,290.3,85,77,2.84,PE,1633988586
Mpulungu,-8.7623,31.1141,298.97,48,93,6.59,ZM,1633988586
Hermiston,45.8404,-119.2895,290.17,30,1,5.14,US,1633988586
Caçu,-18.5567,-51.1308,298.23,79,73,1.32,BR,1633988587
Gīdolē,5.65,37.3667,288.31,77,92,1.84,ET,1633988587
Mersing,2.4312,103.8405,297.1,94,100,2.57,MY,1633988587
Sittwe,20.15,92.9,300.44,88,100,3.04,MM,1633988588
Rome,43.2128,-75.4557,296.98,67,1,4.12,US,1633988588
Paragominas,-2.9667,-47.4833,301.62,48,48,1.87,BR,1633988378
Matara,5.9485,80.5353,299.13,87,93,6.07,LK,1633988589
Oktyabr'skiy,54.4815,53.471,279.69,79,100,2.46,RU,1633988589
Naze,28.3667,129.4833,298.27,86,99,7.59,JP,1633988587
Laas,46.6166,10.7002,283.64,68,100,2.76,IT,1633988589
Sibolga,1.7427,98.7792,297.22,85,100,1.29,ID,1633988590
Guasdualito,7.2424,-70.7324,297.82,94,100,1.07,VE,1633988590
Quatre Cocos,-20.2078,57.7625,296.53,84,88,2.71,MU,1633988591
Henties Bay,-22.116,14.2845,289.8,72,0,4.24,NA,1633988591
Vostok,46.4856,135.8833,275.01,76,0,1.3,RU,1633988591
Bilibino,68.0546,166.4372,253.9,97,36,1.45,RU,1633988592
Umm Kaddadah,13.6017,26.6876,305.92,36,67,5.79,SD,1633988592
Bereda,43.2686,-7.5406,287.55,100,57,1.36,ES,1633988592
Huarmey,-10.0681,-78.1522,292.38,79,31,5.59,PE,1633988593
Fort Nelson,58.8053,-122.7002,281.92,43,40,2.06,CA,1633988593
Monrovia,6.3005,-10.7969,298.02,82,99,2.83,LR,1633988593
Manicoré,-5.8092,-61.3003,302.95,56,90,1.57,BR,1633988594
Qasigiannguit,68.8193,-51.1922,270.29,82,100,1.55,GL,1633988594
San Severino Marche,43.2281,13.1802,287.17,91,93,2.04,IT,1633988595
Navahrudak,53.6,25.8333,278.5,68,100,2.82,BY,1633988595
Batagay-Alyta,67.8006,130.4114,266.98,92,100,0.96,RU,1633988595
Hagenow,53.4333,11.1833,282.16,80,64,4.4,DE,1633988596
Nauta,-4.5061,-73.5757,301.77,71,95,1.22,PE,1633988596
Eslöv,55.8393,13.3039,283.83,87,84,6.52,SE,1633988597
Kuril'sk,45.2333,147.8833,284.39,72,33,5.28,RU,1633988597
Nova Venécia,-18.7106,-40.4006,293.18,97,100,2.39,BR,1633988597
Naples,40.8333,14.25,289.18,72,0,1.34,IT,1633988595
Baykit,61.67,96.37,265.92,88,28,1.2,RU,1633988598
Price,39.5994,-110.8107,287.1,40,90,3.09,US,1633988304
Tamandaré,-8.7597,-35.1047,298.03,82,23,4.27,BR,1633988598
Nabire,-3.3667,135.4833,299.08,84,89,0.84,ID,1633988598
São João da Barra,-21.6403,-41.0511,293.2,85,100,7.02,BR,1633988599
Davila,18.4726,120.5763,298.14,85,100,14.17,PH,1633988599
Concordia,-31.393,-58.0209,297.19,60,40,4.12,AR,1633988459
El'brus,43.2577,42.6443,276.32,86,12,0.73,RU,1633988599
Xichang,27.8964,102.2634,289.5,89,62,0.69,CN,1633988600
Vila Velha,-20.3297,-40.2925,293.57,90,100,8.45,BR,1633988600
Shizuishan,39.2333,106.7694,281.83,70,66,6.05,CN,1633988601
Coyhaique,-45.5752,-72.0662,286.49,44,75,2.57,CL,1633988601
Marabu,4.4148,114.0089,298.23,94,40,2.06,MY,1633988601
Teahupoo,-17.8333,-149.2667,299.13,79,42,6.76,PF,1633988602
Brae,60.3964,-1.353,281.1,71,88,7.38,GB,1633988602
Uyemskiy,64.4743,40.8524,282.18,81,75,2.0,RU,1633988602
Gizo Government Station,-8.103,156.8419,300.9,76,84,1.68,SB,1633988603
Panabá,21.2833,-88.2667,304.49,57,10,6.78,MX,1633988603
Nikolayevsk-on-Amur,53.1406,140.73,274.53,92,5,2.18,RU,1633988603
Exeter,50.7236,-3.5275,285.22,93,0,0.45,GB,1633988464
Torbay,47.6666,-52.7314,284.42,92,90,2.06,CA,1633988604
Uyovu,-3.2833,31.5258,296.15,57,76,0.72,TZ,1633988604
Taltal,-25.4,-70.4833,290.91,68,43,2.91,CL,1633988605
Vila do Maio,15.1333,-23.2167,299.59,77,24,7.02,CV,1633988605
Marrakesh,31.6315,-8.0083,294.19,64,40,3.6,MA,1633988487
Władysławowo,54.7909,18.4009,282.56,87,15,7.01,PL,1633988605
Belaya Gora,68.5333,146.4167,266.13,79,100,1.28,RU,1633988606
Amga,60.8953,131.9608,271.15,94,100,0.92,RU,1633988606
Perth,-31.9333,115.8333,282.25,93,75,0.0,AU,1633988427
Huéscar,37.811,-2.5412,288.85,85,99,2.5,ES,1633988606
Posadas,-27.3671,-55.8961,301.14,61,20,3.09,AR,1633988607
Tabou,4.423,-7.3528,298.5,88,94,2.72,CI,1633988607
Kirakira,-10.4544,161.9205,301.37,73,25,1.76,SB,1633988607
Snezhnogorsk,69.1933,33.2531,280.03,84,100,8.09,RU,1633988608
Clearwater,27.9659,-82.8001,304.34,66,1,2.24,US,1633988608
Jericó,5.7921,-75.786,294.1,82,69,0.52,CO,1633988609
Oddur,4.1213,43.8894,296.14,78,94,5.56,SO,1633988609
Mahon,39.8885,4.2658,288.46,63,0,4.63,ES,1633988609
Vredendal,-31.6683,18.5012,292.55,40,100,1.88,ZA,1633988610
Duvan,55.695,57.9024,279.11,91,93,3.46,RU,1633988610
Luganville,-15.5333,167.1667,300.38,77,40,4.72,VU,1633988610
South Charleston,38.3684,-81.6996,300.6,60,40,2.57,US,1633988611
Jalu,29.0331,21.5482,298.13,27,0,2.37,LY,1633988567
Ta Khmau,11.4833,104.95,300.18,83,40,3.6,KH,1633988611
Trofors,65.5333,13.4063,280.79,96,100,2.07,NO,1633988611
Borba,-4.3878,-59.5939,303.7,53,69,1.36,BR,1633988612
Chimbote,-9.0853,-78.5783,292.22,80,20,5.83,PE,1633988612
São Miguel do Araguaia,-13.275,-50.1628,301.03,58,96,1.62,BR,1633988612
Kavaratti,10.5669,72.642,300.62,82,100,9.93,IN,1633988613
Nuuk,64.1835,-51.7216,276.49,70,20,4.63,GL,1633988613
Turbat,26.0023,63.044,297.99,9,0,8.61,PK,1633988517
Mondlo,-27.983,30.7177,286.23,46,38,2.2,ZA,1633988613
Pangoa,-12.1167,-73.0,299.16,78,90,0.9,PE,1633988614
Antofagasta,-23.65,-70.4,288.75,75,21,4.19,CL,1633988614
Mount Gambier,-37.8333,140.7667,278.1,87,56,3.09,AU,1633988614
Weston,26.1004,-80.3998,303.18,67,1,1.54,US,1633988477
Nouadhibou,20.931,-17.0347,293.14,88,0,6.69,MR,1633988615
Tiznit Province,29.5833,-9.5,290.61,85,40,1.23,MA,1633988615
Palmer,42.1584,-72.3287,293.8,69,79,1.95,US,1633988615
West Lafayette,40.4259,-86.9081,300.33,76,90,13.89,US,1633988388
Bethel,41.3712,-73.414,294.26,80,59,1.88,US,1633988616
Ruska Poliana,49.417,31.9201,281.43,59,100,1.29,UA,1633988616
Nyurba,63.2842,118.3319,268.87,63,99,5.9,RU,1633988617
Urengoy,65.9667,78.3667,270.17,88,100,1.42,RU,1633988617
Mount Isa,-20.7333,139.5,293.02,83,90,3.6,AU,1633988617
Hualmay,-11.0964,-77.6139,291.63,80,60,5.41,PE,1633988617
Visby,57.6409,18.296,284.27,76,20,5.14,SE,1633988618
La Tuque,47.4334,-72.7824,292.29,72,100,2.57,CA,1633988618
Reykjavik,64.1355,-21.8954,279.25,82,0,2.57,IS,1633988619
Novikovo,51.1537,37.8879,279.15,62,1,2.29,RU,1633988619
Pringsewu,-5.3582,104.9744,297.11,94,99,2.15,ID,1633988620
Marsh Harbour,26.5412,-77.0636,301.11,66,100,3.23,BS,1633988568
Cascais,38.6979,-9.4215,297.88,45,1,1.79,PT,1633988620
Zhigansk,66.7697,123.3711,267.59,93,100,5.95,RU,1633988620
San Nicolas,18.1725,120.5953,298.1,94,90,11.83,PH,1633988621
Vrangel',42.7297,133.0839,282.82,64,0,2.96,RU,1633988621
Millinocket,45.6573,-68.7098,293.16,73,1,1.54,US,1633988621
Comodoro Rivadavia,-45.8667,-67.5,295.07,21,0,8.75,AR,1633988622
Hachiōji,35.6558,139.3239,295.17,85,90,2.06,JP,1633988622
Ola,59.5833,151.2833,272.64,53,98,1.9,RU,1633988623
Nacala,-14.5428,40.6728,296.53,82,23,5.16,MZ,1633988623
Sokoto,13.0609,5.239,303.22,29,79,2.47,NG,1633988623
Serowe,-22.3833,26.7167,287.45,56,0,3.34,BW,1633988624
Ahipara,-35.1667,173.1667,286.26,83,100,6.3,NZ,1633988624
Fereydūnkenār,36.6864,52.5225,290.27,60,0,1.6,IR,1633988624
Chardara,41.2547,67.9692,284.11,37,0,2.48,KZ,1633988624
Weihe,32.9952,105.3247,281.97,97,100,1.3,CN,1633988625
Soldotna,60.4878,-151.0583,281.46,72,90,4.12,US,1633988360
Haukipudas,65.1765,25.3523,281.01,95,100,2.71,FI,1633988393
Egvekinot,66.3167,-179.1667,265.12,87,43,2.28,RU,1633988349
Isabela,6.7085,121.9711,297.18,85,85,1.93,PH,1633988625
Trairi,-3.2778,-39.2689,299.44,76,38,5.31,BR,1633988453
Saryg-Sep,51.5,95.6,275.36,67,100,0.86,RU,1633988626
Kiunga,-6.1219,141.2906,297.35,94,84,0.3,PG,1633988626
Kousséri,12.0769,15.0306,301.13,36,18,1.03,CM,1633988627
Kupang,-10.1667,123.5833,298.35,80,71,1.75,ID,1633988627
Westport,41.1415,-73.3579,295.4,69,75,1.79,US,1633988585
Norman Wells,65.282,-126.8329,274.17,75,75,5.66,CA,1633988627
Nioaque,-21.1353,-55.83,298.63,70,99,1.69,BR,1633988628
Bathsheba,13.2167,-59.5167,303.49,70,20,4.63,BB,1633988628
Yulara,-25.2406,130.9889,283.06,93,0,2.57,AU,1633988628
Séguéla,7.9611,-6.6731,295.9,95,100,1.52,CI,1633988629
Omsukchan,62.5333,155.8,262.81,96,89,2.19,RU,1633988629
Karakol,42.4907,78.3936,273.58,73,100,1.47,KG,1633988629
Rocha,-34.4833,-54.3333,288.52,97,100,5.49,UY,1633988527
Nueva Esparta,13.7836,-87.8386,305.78,80,30,1.74,SV,1633988630
Yangi Marg`ilon,40.4272,71.7189,279.83,45,0,0.81,UZ,1633988630
Lagoa,39.05,-27.9833,293.83,85,100,3.96,PT,1633988630
Camacha,33.0833,-16.3333,293.57,77,20,2.57,PT,1633988631
Cairns,-16.9167,145.7667,298.19,80,87,0.51,AU,1633988631
Chumikan,54.7183,135.315,277.26,60,38,9.13,RU,1633988631
Jalalpur Jattan,32.6374,74.2183,296.08,78,81,0.0,PK,1633988632
Coahuayana Viejo,18.7333,-103.6833,303.6,70,63,2.63,MX,1633988632
Topolovăţu Mare,45.7739,21.6189,282.49,94,100,1.51,RO,1633988633
Acapulco de Juárez,16.8634,-99.8901,303.05,20,1,2.06,MX,1633988633
Provideniya,64.3833,-173.3,273.21,80,75,3.0,RU,1633988551
Aloleng,16.1307,119.7824,299.21,91,100,15.43,PH,1633988633
Leninsk,48.7119,45.1994,279.07,47,1,3.21,RU,1633988634
Salihorsk,52.7876,27.5415,279.47,64,100,2.61,BY,1633988634
Aitape,-3.1374,142.3475,300.6,78,71,1.16,PG,1633988634
Waipawa,-41.4122,175.5153,286.73,59,15,8.48,NZ,1633988635
Sandpoint,48.2766,-116.5533,286.4,32,1,0.89,US,1633988635
Nome,64.5011,-165.4064,276.19,57,90,4.12,US,1633988636
Phon,15.816,102.5998,298.69,95,100,1.29,TH,1633988636
Liverpool,53.4106,-2.9779,285.2,85,0,0.89,GB,1633988505
Greytown,-29.0642,30.5928,286.21,49,8,1.15,ZA,1633988636
Archidona,37.0965,-4.3887,291.3,85,100,3.0,ES,1633988637
Santiago,-33.4569,-70.6483,298.84,31,0,4.12,CL,1633988475
Tessalit,20.1986,1.0114,303.18,10,16,4.25,ML,1633988637
Dicabisagan,17.0818,122.4157,300.03,79,100,9.45,PH,1633988637
Nogliki,51.8333,143.1667,277.87,79,2,6.41,RU,1633988638
Forsytheganj,52.6333,29.7333,279.17,70,100,2.53,BY,1633988638
Karasjok,69.4719,25.5112,277.21,97,100,6.53,NO,1633988638
São Domingos,-13.3983,-46.3183,301.41,42,69,1.14,BR,1633988639
High Level,58.5169,-117.136,279.21,70,75,3.09,CA,1633988639
Eyl,7.9803,49.8164,299.64,77,61,6.17,SO,1633988639
Bhīmunipatnam,17.8833,83.4333,299.06,77,75,2.1,IN,1633988640
Åmot,59.5714,7.9877,272.87,83,6,2.44,NO,1633988640
Teseney,15.11,36.6575,301.28,59,98,3.0,ER,1633988641
Canala,-21.5333,165.95,298.42,62,45,3.0,NC,1633988641
Krechevitsy,58.617,31.401,277.82,76,48,4.04,RU,1633988642
Meihekou,42.5272,125.6753,277.22,77,0,1.17,CN,1633988642
Lábrea,-7.2586,-64.7981,303.71,55,92,0.93,BR,1633988643
Aljezur,37.3191,-8.8033,291.9,74,0,1.6,PT,1633988643
Codrington,-38.2667,141.9667,280.96,76,20,5.23,AU,1633988643
Cockburn Town,21.4612,-71.1419,301.64,79,73,8.04,TC,1633988512
Ixtapa,20.7,-105.2,304.39,79,97,1.34,MX,1633988631
Viseu,40.661,-7.9097,290.87,54,61,2.51,PT,1633988644
Pandan,14.0453,124.1694,300.52,83,100,7.58,PH,1633988644
Ambon City,-3.6954,128.1814,297.23,94,20,2.06,ID,1633988645
Manokwari,-0.8667,134.0833,300.15,74,59,1.69,ID,1633988636
Muzhi,65.3667,64.6667,269.15,97,73,1.58,RU,1633988645
Baculin,7.4525,126.5842,300.05,74,100,2.82,PH,1633988645
